OpenTime;Type;Volume;Symbol;OpenPrice;S/L;T/P;CloseTime;ClosePrice;Commission;Swap;Profit;Comment
2021.02.11 02:05:01;Buy Stop;0.01;USDCHF.;0.89346;;;2021.02.11 07:05:52;0.88966;;;;cancelled
2021.02.10 00:05:01;Sell Stop;0.01;EURNZD.;1.67533;;;2021.02.11 07:05:51;1.67685;;;;cancelled
2021.02.10 00:05:01;Buy Stop;0.01;EURCHF.;1.08092;;;2021.02.11 07:05:50;1.07942;;;;cancelled
2021.02.11 04:12:00;Buy;0.01;NZDUSD.;0.72248;;;2021.02.11 07:05:49;0.72328;;;0.80;
2021.02.09 00:33:16;Buy;0.01;EURUSD.;1.20573;;;2021.02.09 02:16:29;1.20707;;;1.34;
2021.02.09 00:05:01;Sell Stop;0.01;AUDUSD.;0.76966;;;2021.02.09 02:16:28;0.77206;;;;cancelled
2021.02.05 16:42:49;Buy;0.01;EURGBP.;0.87681;;;2021.02.08 13:45:44;0.87867;;;2.55;
2021.02.05 00:29:19;Sell;0.01;EURNZD.;1.67107;;;2021.02.08 13:45:43;1.67317;;;-1.52;
2021.02.04 00:08:32;Buy;0.01;GBPUSD.;1.36428;;;2021.02.04 12:05:29;1.36246;;;-1.82;
2021.02.04 03:13:34;Sell;0.01;NZDUSD.;0.72054;;;2021.02.04 12:05:29;0.71808;;;2.46;
2021.02.03 01:19:48;Sell;0.01;EURGBP.;0.88065;;;2021.02.03 15:50:36;0.88028;;;0.50;
2021.02.03 00:05:01;Buy Stop;0.01;EURNZD.;1.67382;;;2021.02.03 15:50:36;1.67057;;;;cancelled
2021.02.02 01:16:40;Sell;0.01;EURCAD.;1.54978;;;2021.02.02 12:09:28;1.54107;;;6.80;
2021.02.02 00:05:00;Buy Stop;0.01;EURUSD.;1.20758;;;2021.02.02 12:09:27;1.20322;;;;cancelled
2021.02.01 00:05:01;Buy Stop;0.01;USDCAD.;1.27977;;;2021.02.01 07:07:00;1.27704;;;;cancelled
2021.02.01 01:23:19;Buy;0.01;AUDUSD.;0.76449;;;2021.02.01 07:06:59;0.76528;;;0.79;
2021.01.29 00:05:03;Buy Stop;0.01;EURAUD.;1.58297;;;2021.01.29 00:32:12;1.57968;;;;cancelled
2021.01.29 00:23:54;Sell;0.01;EURUSD.;1.21177;;;2021.01.29 00:32:11;1.21119;;;0.58;
2021.01.28 00:05:00;Sell Stop;0.01;EURNZD.;1.69289;;;2021.01.28 14:10:59;1.69708;;;;cancelled
2021.01.28 10:45:22;Buy;0.01;EURUSD.;1.21150;;;2021.01.28 14:10:59;1.21281;;;1.31;
2021.01.27 01:05:02;Buy Stop;0.01;EURGBP.;0.88514;;;2021.01.27 08:23:24;0.88444;;;;cancelled
2021.01.27 03:12:01;Sell;0.01;EURUSD.;1.21549;;;2021.01.27 08:23:23;1.21491;;;0.58;
2021.01.26 09:03:19;Sell;0.01;EURCAD.;1.54681;;;2021.01.26 13:28:59;1.54446;;;1.85;
2021.01.26 08:49:25;Buy;0.01;EURJPY.;125.949;;;2021.01.26 13:28:59;125.894;;;-0.53;
2021.01.25 04:14:53;Sell;0.01;EURUSD.;1.21760;;;2021.01.25 10:59:29;1.21592;;;1.68;
2021.01.25 04:05:58;Buy Stop;0.01;EURNZD.;1.69070;;;2021.01.25 10:59:29;1.68575;;;;cancelled
2021.01.22 00:05:00;Sell Stop;0.01;EURCAD.;1.53934;;;2021.01.22 16:29:32;1.54926;;;;cancelled
2021.01.22 00:12:47;Buy;0.01;EURCHF.;1.07733;;;2021.01.22 16:29:31;1.07785;;;0.58;
2021.01.18 03:38:12;Sell;0.01;EURNZD.;1.69298;;;2021.01.20 23:50:21;1.68665;;;4.55;
2021.01.19 02:44:23;Buy;0.01;EURJPY.;125.737;;;2021.01.20 23:50:21;125.443;;;-2.84;
2021.01.14 00:40:10;Sell;0.01;EURNZD.;1.69118;;;2021.01.14 03:26:31;1.69045;;;0.52;
2021.01.14 00:05:00;Buy Stop;0.01;EURCAD.;1.54681;;;2021.01.14 03:26:31;1.54193;;;;cancelled
2021.01.11 10:46:39;Buy;0.01;EURCHF.;1.08310;;;2021.01.12 19:38:39;1.08208;;;-1.15;
2021.01.11 10:26:04;Sell;0.01;EURNZD.;1.69079;;;2021.01.12 19:38:38;1.69077;;;0.01;
2021.01.12 18:28:28;Buy;0.01;EURUSD.;1.21809;;;2021.01.12 19:38:37;1.22026;;;2.17;
2021.01.12 10:08:27;Sell;0.01;EURNZD.;1.69082;;;2021.01.12 19:38:36;1.69081;;;0.01;
2021.01.08 02:17:52;Sell;0.01;EURJPY.;127.240;;;2021.01.08 09:08:31;127.176;;;0.61;
2021.01.08 00:05:00;Buy Stop;0.01;EURUSD.;1.22791;;;2021.01.08 09:08:31;1.22249;;;;cancelled
2021.01.07 00:05:01;Sell Stop;0.01;EURJPY.;126.755;;;2021.01.07 01:53:56;127.063;;;;cancelled
2021.01.07 01:26:26;Buy;0.01;EURAUD.;1.58113;;;2021.01.07 01:53:56;1.58181;;;0.53;
2021.01.06 02:12:23;Sell;0.01;EURUSD.;1.23006;;;2021.01.06 02:25:44;1.22948;;;0.58;
2021.01.06 00:05:06;Buy Stop;0.01;EURNZD.;1.69954;;;2021.01.06 02:25:44;1.69524;;;;cancelled
2021.01.03 23:28:26;Buy;0.01;EURUSD.;1.22386;;;2021.01.04 10:41:17;1.22994;;;6.08;
2021.01.04 01:11:36;Buy;0.01;EURGBP.;0.89572;;;2021.01.04 10:41:13;0.89898;;;4.45;
2020.12.28 11:27:31;Buy;0.01;EURGBP.;0.90422;;;2021.01.04 10:41:10;0.89908;;;-7.03;
2020.12.30 00:06:03;Buy Stop;0.01;EURNZD.;1.71067;;;2021.01.03 23:20:22;1.70212;;;;cancelled
2020.12.31 16:40:24;Sell;0.01;EURUSD.;1.22464;;;2021.01.03 23:20:17;1.22416;;;0.48;
2020.12.30 20:22:23;Sell;0.01;EURGBP.;0.90228;;;2021.01.03 23:20:14;0.89662;;;7.73;
2020.12.30 20:22:09;Buy;0.01;EURJPY.;126.844;;;2021.01.03 23:20:10;126.236;;;-5.90;
2020.12.24 00:40:28;Sell;0.01;EURJPY.;126.195;;;2021.01.03 23:20:06;126.294;;;-0.95;
2020.12.23 00:06:01;Buy Stop;0.01;EURUSD.;1.21934;;;2020.12.23 01:02:58;1.21848;;;;cancelled
2020.12.23 00:28:56;Sell;0.01;EURAUD.;1.61545;;;2020.12.23 01:02:57;1.61433;;;0.84;
2020.12.22 01:50:26;Sell;0.01;EURUSD.;1.22310;;;2020.12.22 05:48:49;1.22210;;;1.00;
2020.12.22 05:48:39;Buy;0.01;EURGBP.;0.91292;;;2020.12.22 05:48:49;0.91259;;;-0.44;
2020.12.21 09:38:19;Buy;0.01;EURUSD.;1.22147;;;2020.12.21 15:40:48;1.22127;;;-0.20;
2020.12.21 00:06:00;Sell Stop;0.01;EURGBP.;0.91293;;;2020.12.21 15:40:48;0.91668;;;;cancelled
2020.12.21 09:15:39;Buy;0.01;EURCHF.;1.08235;;;2020.12.21 15:40:48;1.08296;;;0.69;
2020.12.21 04:06:01;Sell Stop;0.01;EURGBP.;0.91293;;;2020.12.21 15:40:47;0.91668;;;;cancelled
2020.12.17 00:06:02;Sell Stop;0.01;EURCAD.;1.55321;;;2020.12.17 22:01:04;1.56098;;;;cancelled
2020.12.17 00:06:35;Buy;0.01;EURGBP.;0.90376;;;2020.12.17 22:01:04;0.90430;;;0.74;
2020.12.10 12:55:00;Buy Stop;0.01;GBPAUD.;1.77192;;;2020.12.11 09:42:02;1.75552;;;;cancelled
2020.12.11 00:44:05;Buy;0.01;AUDNZD.;1.06119;;;2020.12.11 09:42:02;1.06340;;;1.56;
2020.12.09 19:55:01;Sell Stop;0.01;AUDNZD.;1.05829;;;2020.12.10 08:02:44;1.06138;;;;cancelled
2020.12.09 20:29:47;Buy;0.01;AUDUSD.;0.74339;;;2020.12.10 08:02:44;0.74561;;;2.22;
2020.12.08 15:55:02;Sell Stop;0.01;AUDNZD.;1.05057;;;2020.12.09 09:11:36;1.05350;;;;cancelled
2020.12.09 05:02:27;Buy;0.01;AUDCHF.;0.66019;;;2020.12.09 09:11:36;0.66088;;;0.78;
2020.12.07 18:55:06;Sell Stop;0.01;AUDUSD.;0.74167;;;2020.12.07 19:04:09;0.74451;;;;cancelled
2020.12.07 19:03:52;Sell;0.01;GBPAUD.;1.79372;;;2020.12.07 19:04:09;1.79286;;;0.64;
2020.12.07 09:16:36;Buy;0.01;EURAUD.;1.63492;;;2020.12.07 10:54:36;1.63672;;;1.32;
2020.12.04 19:55:03;Buy Stop;0.01;AUDCAD.;0.95008;;;2020.12.07 10:54:36;0.94668;;;;cancelled
2020.12.07 09:55:02;Buy Stop;0.01;GBPAUD.;1.79999;;;2020.12.07 10:54:35;1.79624;;;;cancelled
2020.12.07 09:55:02;Buy Stop;0.01;AUDCAD.;0.95008;;;2020.12.07 10:54:35;0.94668;;;;cancelled
2020.12.03 19:38:03;Buy;0.01;AUDNZD.;1.05185;;;2020.12.04 10:11:10;1.05322;;;0.97;
2020.12.01 18:55:05;Sell Stop;0.01;AUDUSD.;0.72387;;;2020.12.04 10:11:09;0.74193;;;;cancelled
2020.12.03 21:44:23;Buy;0.01;AUDNZD.;1.05214;;;2020.12.04 10:11:09;1.05322;;;0.76;
2020.11.24 08:49:55;Sell;0.01;EURUSD.;1.18509;;;2020.11.24 15:21:18;1.18566;;;-0.57;
2020.11.24 08:49:55;Buy;0.01;EURJPY.;123.759;;;2020.11.24 15:21:18;124.074;;;3.01;
2020.11.24 04:47:09;Buy;0.01;EURNZD.;1.69805;;;2020.11.24 04:48:19;1.70004;;;1.38;
2020.11.24 03:41:17;Sell;0.01;EURCHF.;1.08082;;;2020.11.24 04:48:19;1.08103;;;-0.23;
2020.11.24 03:41:16;Buy;0.01;EURNZD.;1.69942;;;2020.11.24 04:48:19;1.70003;;;0.42;
2020.11.24 04:47:09;Sell;0.01;EURJPY.;123.855;;;2020.11.24 04:48:18;123.840;;;0.15;
2020.11.20 16:51:50;Sell;0.01;EURCAD.;1.54952;;;2020.11.24 02:24:06;1.54718;;;1.79;
2020.11.20 17:03:06;Sell;0.01;EURCAD.;1.54872;;;2020.11.24 02:24:05;1.54718;;;1.18;
2020.11.19 21:21:20;Buy;0.01;EURCAD.;1.55204;;;2020.11.20 16:39:56;1.54845;;;-2.75;
2020.11.19 21:21:20;Sell;0.01;EURAUD.;1.62835;;;2020.11.20 16:39:55;1.62190;;;4.72;
2020.11.18 10:48:22;Buy;0.01;EURAUD.;1.62382;;;2020.11.18 16:20:26;1.62294;;;-0.65;
2020.11.18 12:46:23;Sell;0.01;EURGBP.;0.89434;;;2020.11.18 16:20:25;0.89229;;;2.72;
2020.11.17 08:36:46;Buy;0.01;EURNZD.;1.71951;;;2020.11.17 14:41:39;1.72515;;;3.89;
2020.11.17 08:36:46;Sell;0.01;EURUSD.;1.18492;;;2020.11.17 14:41:38;1.18829;;;-3.37;
2020.11.16 05:42:26;Buy;0.01;EURJPY.;123.933;;;2020.11.16 13:26:22;124.143;;;2.01;
2020.11.16 05:42:27;Sell;0.01;EURAUD.;1.62612;;;2020.11.16 13:26:21;1.62296;;;2.30;
2020.11.16 00:48:48;Buy;0.01;EURJPY.;124.013;;;2020.11.16 01:01:22;123.979;;;-0.33;
2020.11.16 00:48:49;Sell;0.01;EURNZD.;1.72448;;;2020.11.16 01:01:21;1.72414;;;0.23;
2020.11.09 13:03:35;Sell;0.01;EURJPY.;123.933;;;2020.11.12 15:40:22;124.017;;;-0.80;
2020.11.09 13:03:35;Buy;0.01;EURCAD.;1.54480;;;2020.11.12 15:40:22;1.54790;;;2.36;
2020.11.02 10:44:56;Sell;0.01;EURNZD.;1.76039;;;2020.11.02 11:52:21;1.75875;;;1.09;
2020.11.02 10:57:12;Sell;0.01;EURNZD.;1.75960;;;2020.11.02 11:52:20;1.75875;;;0.56;
2020.11.02 09:25:02;Buy Stop;0.01;EURUSD.;1.16519;;;2020.11.02 11:52:20;1.16422;;;;cancelled
2020.10.30 17:25:00;Buy Stop;0.01;EURUSD.;1.16519;;;2020.11.02 11:52:20;1.16422;;;;cancelled
2020.10.29 15:11:50;Sell;0.01;EURAUD.;1.66188;;;2020.10.30 13:45:58;1.65493;;;4.91;
2020.10.29 11:25:00;Buy Stop;0.01;EURJPY.;122.724;;;2020.10.30 13:45:57;121.957;;;;cancelled
2020.10.26 09:02:39;Sell;0.01;EURAUD.;1.66322;;;2020.10.26 11:11:26;1.65541;;;5.57;
2020.10.26 08:36:01;Buy;0.01;EURUSD.;1.18408;;;2020.10.26 11:11:26;1.18036;;;-3.72;
2020.10.23 21:13:34;Sell;0.01;EURAUD.;1.66128;;;2020.10.25 22:28:05;1.66148;;;-0.14;
2020.10.23 16:00:48;Buy;0.01;EURUSD.;1.18366;;;2020.10.25 22:28:04;1.18532;;;1.66;
2020.10.21 12:25:01;Buy Stop;0.01;EURNZD.;1.78290;;;2020.10.23 10:23:50;1.76767;;;;cancelled
2020.10.23 08:25:00;Sell Stop;0.01;EURCHF.;1.07059;;;2020.10.23 10:23:49;1.07156;;;;cancelled
2020.10.21 15:25:00;Buy Stop;0.01;EURNZD.;1.78290;;;2020.10.23 10:23:49;1.76767;;;;cancelled
2020.10.22 01:03:48;Sell;0.01;EURUSD.;1.18503;;;2020.10.23 10:23:49;1.18475;;;0.28;
2020.10.21 12:47:16;Balance;;;;;;;;;;-50.00;Withdrawal
2020.10.20 06:25:53;Sell Stop;0.01;EURAUD.;1.66802;;;2020.10.20 15:05:58;1.67995;;;;cancelled
2020.10.20 07:08:04;Buy;0.01;EURCHF.;1.07139;;;2020.10.20 15:05:58;1.07210;;;0.78;
2020.10.20 00:25:22;Sell Stop;0.01;EURAUD.;1.66802;;;2020.10.20 15:05:58;1.67995;;;;cancelled
2020.10.20 00:32:45;Buy;0.01;EURCHF.;1.07172;;;2020.10.20 15:05:58;1.07210;;;0.42;
2020.10.16 11:54:43;Sell;0.01;EURGBP.;0.90710;;;2020.10.16 15:38:15;0.90711;;;-0.01;
2020.10.16 11:54:43;Buy;0.01;EURAUD.;1.65303;;;2020.10.16 15:38:15;1.65461;;;1.12;
2020.10.16 08:02:30;Sell;0.01;EURGBP.;0.90562;;;2020.10.16 11:01:42;0.90504;;;0.75;
2020.10.16 08:02:30;Buy;0.01;EURAUD.;1.65247;;;2020.10.16 11:01:42;1.65444;;;1.39;
2020.10.15 09:50:28;Buy;0.01;EURGBP.;0.90468;;;2020.10.15 09:50:45;0.90467;;;-0.01;
2020.10.15 00:25:09;Sell Stop;0.01;EURAUD.;1.64528;;;2020.10.15 09:50:45;1.65499;;;;cancelled
2020.10.15 09:49:43;Buy;0.01;EURGBP.;0.90420;;;2020.10.15 09:50:45;0.90470;;;0.64;
2020.10.14 22:00:50;Sell;0.01;EURCAD.;1.54282;;;2020.10.15 09:50:45;1.54423;;;-1.07;
2020.10.15 07:17:09;Buy;0.01;EURGBP.;0.90372;;;2020.10.15 09:50:45;0.90469;;;1.25;
2020.10.15 09:25:02;Sell Stop;0.01;EURAUD.;1.64528;;;2020.10.15 09:50:44;1.65501;;;;cancelled
2020.10.13 22:00:53;Buy;0.01;EURNZD.;1.76772;;;2020.10.14 10:02:03;1.76115;;;-4.38;
2020.10.14 10:01:53;Sell;0.01;EURGBP.;0.90842;;;2020.10.14 10:02:02;0.90627;;;2.79;
2020.10.14 08:25:04;Buy Stop;0.01;EURJPY.;123.899;;;2020.10.14 10:02:02;123.718;;;;cancelled
2020.10.14 10:01:53;Sell;0.01;EURGBP.;0.90855;;;2020.10.14 10:02:02;0.90626;;;2.97;
2020.10.09 13:56:43;Sell;0.01;EURGBP.;0.91049;;;2020.10.09 15:48:29;0.91008;;;0.53;
2020.10.09 12:38:35;Buy;0.01;EURCHF.;1.07756;;;2020.10.09 15:48:29;1.07785;;;0.31;
2020.10.08 13:53:37;Sell;0.01;EURCHF.;1.07938;;;2020.10.09 08:22:27;1.07864;;;0.81;
2020.10.08 13:25:01;Buy Stop;0.01;EURAUD.;1.64332;;;2020.10.09 08:22:27;1.63875;;;;cancelled
2020.10.07 00:40:30;Sell;0.01;EURCAD.;1.56335;;;2020.10.08 02:38:35;1.56002;;;2.51;
2020.10.07 00:40:30;Buy;0.01;EURAUD.;1.65168;;;2020.10.08 02:38:35;1.64947;;;-1.58;
2020.10.07 00:25:01;Sell Stop;0.01;EURAUD.;1.64413;;;2020.10.08 00:23:39;1.64848;;;;cancelled
2020.10.06 08:25:00;Sell Stop;0.01;EURAUD.;1.64455;;;2020.10.08 00:23:39;1.64848;;;;cancelled
2020.09.28 22:09:10;Buy;0.01;EURAUD.;1.64996;;;2020.10.06 23:54:56;1.65289;;;2.08;
2020.10.02 06:01:49;Buy;0.01;EURNZD.;1.76816;;;2020.10.06 23:54:55;1.78266;;;9.54;
2020.09.29 02:09:46;Buy;0.01;EURAUD.;1.64849;;;2020.10.06 23:54:55;1.65289;;;3.13;
2020.09.28 22:09:11;Sell;0.01;EURNZD.;1.77830;;;2020.10.06 23:54:55;1.78302;;;-3.11;
2020.10.02 11:00:13;Sell;0.01;EURCHF.;1.07869;;;2020.10.02 11:41:14;1.07893;;;-0.26;
2020.10.02 10:40:18;Buy;0.01;EURGBP.;0.90636;;;2020.10.02 11:41:14;0.90738;;;1.31;
2020.10.02 06:22:53;Buy;0.01;EURCAD.;1.56040;;;2020.10.02 08:45:26;1.55855;;;-1.39;
2020.10.02 07:41:52;Sell;0.01;EURAUD.;1.63835;;;2020.10.02 08:45:25;1.63625;;;1.51;
2020.10.02 06:25:01;Buy Stop;0.01;EURJPY.;123.565;;;2020.10.02 08:45:25;123.270;;;;cancelled
2020.10.02 06:47:04;Sell;0.01;EURGBP.;0.91051;;;2020.10.02 08:45:25;0.90815;;;3.04;
2020.10.01 13:31:55;Sell;0.01;EURUSD.;1.17591;;;2020.10.01 14:05:47;1.17499;;;0.92;
2020.10.01 14:05:23;Buy;0.01;EURGBP.;0.90929;;;2020.10.01 14:05:47;0.90956;;;0.34;
2020.10.01 12:12:53;Sell;0.01;EURGBP.;0.91263;;;2020.10.01 12:14:26;0.91192;;;0.92;
2020.10.01 11:23:55;Buy;0.01;EURCHF.;1.07818;;;2020.10.01 12:14:26;1.07829;;;0.12;
2020.10.01 08:07:24;Sell;0.01;EURUSD.;1.17400;;;2020.10.01 08:47:55;1.17311;;;0.89;
2020.10.01 07:57:18;Buy;0.01;EURNZD.;1.77044;;;2020.10.01 08:47:55;1.77003;;;-0.27;
2020.09.30 17:03:40;Buy;0.01;EURCHF.;1.07819;;;2020.09.30 17:06:31;1.07778;;;-0.45;
2020.09.30 16:38:57;Sell;0.01;EURUSD.;1.17352;;;2020.09.30 17:06:30;1.17234;;;1.18;
2020.09.28 16:24:15;Sell;0.01;EURNZD.;1.78051;;;2020.09.28 20:08:55;1.77854;;;1.30;
2020.09.28 16:33:25;Sell;0.01;EURNZD.;1.77995;;;2020.09.28 20:08:54;1.77854;;;0.93;
2020.09.25 14:05:54;Sell;0.01;EURAUD.;1.65331;;;2020.09.28 01:14:40;1.65166;;;1.16;
2020.09.25 12:25:00;Buy Stop;0.01;EURUSD.;1.16396;;;2020.09.28 01:14:39;1.16285;;;;cancelled
2020.09.24 01:16:51;Buy;0.01;EURUSD.;1.16699;;;2020.09.25 06:02:04;1.16667;;;-0.32;
2020.09.25 05:04:51;Sell;0.01;EURAUD.;1.65171;;;2020.09.25 06:02:03;1.65112;;;0.42;
2020.09.24 15:02:07;Buy;0.01;EURGBP.;0.91438;;;2020.09.25 06:02:03;0.91449;;;0.14;
2020.09.23 22:00:32;Sell;0.01;EURNZD.;1.77875;;;2020.09.25 06:02:03;1.77817;;;0.38;
2020.09.22 15:40:06;Buy;0.01;EURCAD.;1.56110;;;2020.09.23 14:04:17;1.56026;;;-0.63;
2020.09.22 13:00:22;Buy;0.01;EURAUD.;1.62885;;;2020.09.22 13:26:33;1.62970;;;0.61;
2020.09.22 10:00:57;Sell;0.01;EURUSD.;1.17450;;;2020.09.22 13:26:33;1.17394;;;0.56;
2020.09.22 09:29:43;Sell;0.01;EURAUD.;1.63103;;;2020.09.22 09:49:36;1.62875;;;1.64;
2020.09.22 09:37:46;Buy;0.01;EURUSD.;1.17490;;;2020.09.22 09:49:36;1.17409;;;-0.81;
2020.09.22 09:06:01;Sell;0.01;EURAUD.;1.63024;;;2020.09.22 09:29:45;1.63104;;;-0.58;
2020.09.21 12:25:01;Sell Stop;0.01;EURNZD.;1.75898;;;2020.09.21 22:00:40;1.76505;;;;cancelled
2020.09.21 14:46:40;Buy;0.01;EURJPY.;123.054;;;2020.09.21 20:33:42;123.257;;;1.94;
2020.09.21 14:34:48;Sell;0.01;EURJPY.;123.282;;;2020.09.21 14:36:13;123.184;;;0.94;
2020.09.21 14:34:48;Buy;0.01;EURUSD.;1.17703;;;2020.09.21 14:36:13;1.17638;;;-0.65;
2020.09.17 08:38:29;Sell;0.01;EURUSD.;1.17857;;;2020.09.21 14:34:10;1.17716;;;1.41;
2020.09.21 14:34:00;Buy;0.01;EURJPY.;123.118;;;2020.09.21 14:34:09;123.139;;;0.20;
2020.09.21 08:25:20;Buy Stop;0.01;EURJPY.;123.293;;;2020.09.21 10:21:37;122.914;;;;cancelled
2020.09.21 10:02:40;Sell;0.01;EURGBP.;0.91791;;;2020.09.21 10:21:36;0.91728;;;0.81;
2020.09.18 18:25:00;Sell Stop;0.01;EURGBP.;0.91523;;;2020.09.18 19:07:37;0.91661;;;;cancelled
2020.09.18 18:25:19;Buy;0.01;EURAUD.;1.62214;;;2020.09.18 19:07:37;1.62330;;;0.84;
2020.09.17 15:29:08;Sell;0.01;EURGBP.;0.91357;;;2020.09.17 15:31:21;0.91136;;;2.86;
2020.09.17 13:40:37;Buy;0.01;EURNZD.;1.75554;;;2020.09.17 15:31:21;1.75477;;;-0.52;
2020.09.17 08:15:11;Sell;0.01;EURAUD.;1.61820;;;2020.09.17 08:47:30;1.61741;;;0.58;
2020.09.17 07:25:00;Buy Stop;0.01;EURJPY.;123.541;;;2020.09.17 08:47:30;123.479;;;;cancelled
2020.09.17 07:15:23;Sell;0.01;EURAUD.;1.61895;;;2020.09.17 08:25:33;1.61741;;;1.12;
2020.09.17 08:25:19;Sell;0.01;EURNZD.;1.75948;;;2020.09.17 08:25:32;1.75990;;;-0.28;
2020.09.16 20:26:22;Sell;0.01;EURAUD.;1.61809;;;2020.09.17 02:44:49;1.61554;;;1.86;
2020.09.16 20:25:01;Buy Stop;0.01;EURCAD.;1.55772;;;2020.09.17 02:44:49;1.55682;;;;cancelled
2020.09.16 22:11:45;Sell;0.01;EURCAD.;1.55695;;;2020.09.17 01:45:37;1.55491;;;1.54;
2020.09.16 22:12:39;Sell;0.01;EURCAD.;1.55678;;;2020.09.17 01:45:36;1.55493;;;1.40;
2020.09.16 20:36:02;Sell;0.01;EURAUD.;1.61817;;;2020.09.16 22:00:42;1.61847;;;-0.22;
2020.09.16 20:36:01;Buy;0.01;EURUSD.;1.18016;;;2020.09.16 22:00:42;1.18137;;;1.21;
2020.09.16 19:05:35;Sell;0.01;EURAUD.;1.61742;;;2020.09.16 19:14:31;1.61720;;;0.16;
2020.09.16 19:12:16;Buy;0.01;EURUSD.;1.18223;;;2020.09.16 19:14:30;1.18255;;;0.32;
2020.09.16 18:59:22;Sell;0.01;EURAUD.;1.61763;;;2020.09.16 19:03:16;1.61741;;;0.17;
2020.09.16 18:59:22;Buy;0.01;EURUSD.;1.18275;;;2020.09.16 19:03:16;1.18422;;;1.47;
2020.09.16 11:25:03;Buy Stop;0.01;EURNZD.;1.76035;;;2020.09.16 13:51:47;1.75879;;;;cancelled
2020.09.16 13:41:36;Sell;0.01;EURUSD.;1.18586;;;2020.09.16 13:51:46;1.18530;;;0.56;
2020.09.15 18:19:59;Sell;0.01;EURAUD.;1.62184;;;2020.09.16 02:37:35;1.62096;;;0.64;
2020.09.15 16:25:02;Buy Stop;0.01;EURUSD.;1.18528;;;2020.09.16 02:37:35;1.18400;;;;cancelled
2020.09.15 07:47:31;Sell;0.01;EURUSD.;1.18848;;;2020.09.15 14:02:07;1.18771;;;0.77;
2020.09.15 05:25:02;Buy Stop;0.01;EURNZD.;1.76957;;;2020.09.15 14:02:07;1.76547;;;;cancelled
2020.09.14 10:52:37;Balance;;;;;;;;;;-50.00;Withdrawal
2020.09.11 19:36:20;Sell;0.01;EURNZD.;1.77780;;;2020.09.14 00:10:32;1.77531;;;1.66;
2020.09.11 18:25:07;Buy;0.01;EURGBP.;0.92545;;;2020.09.14 00:10:32;0.92463;;;-1.05;
2020.09.11 08:31:33;Sell;0.01;EURJPY.;125.708;;;2020.09.11 16:46:38;125.648;;;0.56;
2020.09.11 09:58:01;Buy;0.01;EURNZD.;1.77565;;;2020.09.11 16:46:38;1.77555;;;-0.07;
2020.09.07 02:19:48;Sell;0.01;EURJPY.;125.830;;;2020.09.07 03:16:21;125.711;;;1.12;
2020.09.07 00:18:22;Sell;0.01;EURJPY.;125.805;;;2020.09.07 03:16:21;125.710;;;0.89;
2020.09.06 22:07:18;Sell;0.01;EURUSD.;1.18450;;;2020.09.06 23:11:35;1.18391;;;0.59;
2020.09.06 22:07:18;Buy;0.01;EURAUD.;1.62623;;;2020.09.06 23:11:35;1.62618;;;-0.04;
2020.09.04 16:40:31;Sell;0.01;EURAUD.;1.62753;;;2020.09.04 18:03:26;1.62552;;;1.46;
2020.09.04 16:40:31;Buy;0.01;EURUSD.;1.18100;;;2020.09.04 18:03:26;1.18333;;;2.33;
2020.09.03 12:20:56;Sell Stop;0.01;EURNZD.;1.75257;;;2020.09.03 15:51:51;1.75884;;;;cancelled
2020.09.03 13:10:30;Buy;0.01;EURUSD.;1.18174;;;2020.09.03 15:51:51;1.18398;;;2.24;
2020.08.28 13:53:00;Buy;0.01;EURUSD.;1.18839;;;2020.08.28 15:29:46;1.18935;;;0.96;
2020.08.27 20:57:03;Buy;0.01;AUDUSD.;0.72570;;;2020.08.28 00:35:42;0.72651;;;0.81;
2020.08.26 14:06:53;Sell;0.01;EURNZD.;1.79773;;;2020.08.26 14:25:33;1.79842;;;-0.45;
2020.08.26 13:57:32;Buy;0.01;EURUSD.;1.17864;;;2020.08.26 14:25:33;1.17965;;;1.01;
2020.08.26 12:24:17;Sell;0.01;EURNZD.;1.79868;;;2020.08.26 13:25:00;1.79761;;;0.70;
2020.08.26 12:21:17;Buy Stop;0.01;EURCHF.;1.07459;;;2020.08.26 13:25:00;1.07416;;;;cancelled
2020.08.26 03:55:05;Buy;0.01;AUDUSD.;0.71930;;;2020.08.26 09:20:47;0.72035;;;1.05;
2020.08.25 00:49:03;Sell;0.01;AUDUSD.;0.71670;;;2020.08.25 09:29:34;0.71621;;;0.49;
2020.08.21 09:25:28;Sell;0.01;AUDUSD.;0.71809;;;2020.08.21 09:38:36;0.71766;;;0.43;
2020.08.20 20:41:07;Buy;0.01;NZDUSD.;0.65337;;;2020.08.21 01:09:14;0.65401;;;0.64;
2020.08.19 08:02:02;Buy;0.01;NZDUSD.;0.66165;;;2020.08.19 08:38:19;0.66239;;;0.74;
2020.08.18 14:13:00;Buy;0.01;EURUSD.;1.19367;;;2020.08.18 14:27:09;1.19443;;;0.76;
2020.08.17 10:22:01;Buy;0.01;GBPUSD.;1.31032;;;2020.08.17 10:44:50;1.31055;;;0.23;
2020.08.17 09:11:00;Buy;0.01;EURUSD.;1.18386;;;2020.08.17 10:43:07;1.18524;;;1.38;
2020.08.16 22:30:01;Sell;0.01;NZDUSD.;0.65496;;;2020.08.16 23:59:17;0.65415;;;0.81;
2020.08.14 09:26:04;Buy;0.01;AUDUSD.;0.71444;;;2020.08.14 12:46:15;0.71548;;;1.04;
2020.08.13 02:53:01;Buy;0.01;AUDUSD.;0.71696;;;2020.08.13 11:24:50;0.71720;;;0.24;
2020.08.12 19:54:00;Buy;0.01;EURUSD.;1.17890;;;2020.08.13 00:44:42;1.17944;;;0.54;
2020.08.11 14:44:00;Sell;0.01;EURUSD.;1.17755;;;2020.08.11 15:05:40;1.17724;;;0.31;
2020.08.11 14:20:03;Sell;0.01;AUDUSD.;0.71678;;;2020.08.11 15:05:31;0.71628;;;0.50;
2020.08.10 01:17:00;Sell;0.01;GBPUSD.;1.30563;;;2020.08.10 07:31:43;1.30517;;;0.46;
2020.08.07 19:05:02;Sell;0.01;GBPUSD.;1.30467;;;2020.08.09 23:24:12;1.30405;;;0.62;
2020.08.06 17:25:06;Buy;0.01;AUDUSD.;0.72307;;;2020.08.07 01:18:38;0.72385;;;0.78;
2020.08.05 09:27:56;Sell;0.01;NZDUSD.;0.66365;;;2020.08.06 03:08:55;0.66336;;;0.29;
2020.08.04 19:32:00;Buy;0.01;AUDUSD.;0.71473;;;2020.08.04 20:04:52;0.71557;;;0.84;
2020.08.04 19:35:00;Buy;0.01;EURUSD.;1.17753;;;2020.08.04 20:04:33;1.17858;;;1.05;
2020.08.03 01:02:00;Sell;0.01;NZDUSD.;0.66365;;;2020.08.03 01:11:44;0.66287;;;0.78;
2020.07.31 04:04:05;Buy;0.01;AUDUSD.;0.72015;;;2020.07.31 05:03:48;0.72107;;;0.92;
2020.07.29 14:36:25;Sell;0.01;NZDUSD.;0.66674;;;2020.07.29 16:01:34;0.66506;;;1.68;
2020.07.28 15:35:15;Buy;0.01;NZDUSD.;0.66495;;;2020.07.29 08:42:13;0.66660;;;1.65;
2020.07.27 09:57:27;Buy;0.01;AUDUSD.;0.71245;;;2020.07.27 11:01:39;0.71353;;;1.08;
2020.07.24 07:11:11;Sell;0.01;AUDUSD.;0.70965;;;2020.07.24 08:09:20;0.70862;;;1.03;
2020.07.23 10:29:11;Sell;0.01;NZDUSD.;0.66665;;;2020.07.23 13:52:17;0.66355;;;3.10;
2020.07.22 14:16:12;Buy;0.01;NZDUSD.;0.66665;;;2020.07.23 05:29:18;0.66736;;;0.71;
2020.07.21 14:04:05;Sell;0.01;EURUSD.;1.14455;;;2020.07.21 14:11:09;1.14372;;;0.83;
2020.07.21 12:11:07;Buy;0.01;EURUSD.;1.14358;;;2020.07.21 13:29:30;1.14503;;;1.45;
2020.07.20 02:05:04;Buy;0.01;EURUSD.;1.14175;;;2020.07.20 05:17:31;1.14315;;;1.40;
2020.07.19 23:29:12;Sell;0.01;AUDUSD.;0.70035;;;2020.07.20 01:54:20;0.69925;;;1.10;
2020.07.17 15:59:23;Buy;0.01;EURUSD.;1.14245;;;2020.07.17 16:30:03;1.14355;;;1.10;
2020.07.16 09:13:03;Sell;0.01;EURUSD.;1.14155;;;2020.07.16 09:36:29;1.14015;;;1.40;
2020.07.15 10:11:02;Buy;0.01;EURUSD.;1.14318;;;2020.07.15 11:49:24;1.14426;;;1.08;
2020.07.14 15:50:03;Buy;0.01;GBPUSD.;1.25270;;;2020.07.14 16:11:16;1.25365;;;0.95;
2020.07.13 10:06:02;Balance;;;;;;;;;;-50.00;Withdrawal
2020.07.10 09:01:43;Buy;0.01;EURUSD.;1.12855;;;2020.07.10 12:09:01;1.12995;;;1.40;
2020.07.09 19:56:11;Sell;0.01;NZDUSD.;0.65675;;;2020.07.10 01:47:20;0.65560;;;1.15;
2020.07.08 17:38:17;Buy;0.01;NZDUSD.;0.65655;;;2020.07.08 18:53:54;0.65730;;;0.75;
2020.07.07 02:16:30;Sell;0.01;AUDUSD.;0.69775;;;2020.07.07 03:48:53;0.69635;;;1.40;
2020.07.06 07:33:04;Buy;0.01;GBPUSD.;1.24930;;;2020.07.06 07:53:23;1.25014;;;0.84;
2020.07.05 22:42:07;Buy;0.01;GBPUSD.;1.24730;;;2020.07.06 01:04:08;1.24806;;;0.76;
2020.07.03 20:58:02;Buy;0.01;AUDUSD.;0.69442;;;2020.07.06 00:52:09;0.69524;;;0.82;
2020.07.02 13:15:00;Buy;0.01;GBPUSD.;1.25100;;;2020.07.02 13:30:26;1.25204;;;1.04;
2020.07.01 08:51:32;Buy;0.01;GBPUSD.;1.23745;;;2020.07.01 09:02:57;1.23872;;;1.27;
2020.06.26 18:26:00;Buy;0.01;NZDUSD.;0.64245;;;2020.06.29 03:11:44;0.64292;;;0.47;
2020.06.25 09:22:01;Sell;0.01;AUDUSD.;0.68865;;;2020.06.25 12:37:35;0.68718;;;1.47;
2020.06.25 12:31:14;Sell;0.01;GBPUSD.;1.24399;;;2020.06.25 12:37:21;1.24349;;;0.50;
2020.06.24 04:08:02;Sell;0.01;AUDUSD.;0.69515;;;2020.06.24 04:31:39;0.69440;;;0.75;
2020.06.24 04:07:13;Sell;0.01;NZDUSD.;0.64783;;;2020.06.24 04:31:30;0.64699;;;0.84;
2020.06.23 09:48:16;Buy;0.01;AUDUSD.;0.69215;;;2020.06.23 11:18:41;0.69340;;;1.25;
2020.06.23 09:13:01;Buy;0.01;AUDUSD.;0.69305;;;2020.06.23 11:18:34;0.69340;;;0.35;
2020.06.23 09:25:23;Buy;0.01;AUDUSD.;0.69275;;;2020.06.23 11:18:04;0.69340;;;0.65;
2020.06.23 09:15:17;Buy;0.01;EURUSD.;1.12926;;;2020.06.23 11:18:00;1.12969;;;0.43;
2020.06.22 18:23:13;Buy;0.01;GBPUSD.;1.24607;;;2020.06.22 19:36:31;1.24684;;;0.77;
2020.06.19 20:01:10;Sell;0.01;EURUSD.;1.11885;;;2020.06.21 23:01:56;1.11805;;;0.80;
2020.06.19 19:24:02;Sell;0.01;AUDUSD.;0.68415;;;2020.06.21 22:06:10;0.68405;;;0.10;
2020.06.19 19:51:28;Sell;0.01;NZDUSD.;0.64093;;;2020.06.21 22:06:07;0.64017;;;0.76;
2020.06.18 14:35:03;Sell;0.01;GBPUSD.;1.24350;;;2020.06.18 14:53:30;1.24300;;;0.50;
2020.06.18 13:25:01;Sell;0.01;EURUSD.;1.12315;;;2020.06.18 14:53:17;1.12205;;;1.10;
2020.06.17 03:41:34;Sell;0.01;NZDUSD.;0.64305;;;2020.06.17 10:49:48;0.64315;;;-0.10;
2020.06.17 10:42:00;Sell;0.01;GBPUSD.;1.25380;;;2020.06.17 10:49:26;1.25330;;;0.50;
2020.06.16 12:07:07;Buy;0.01;NZDUSD.;0.64727;;;2020.06.16 13:27:20;0.64719;;;-0.08;
2020.06.16 12:16:11;Buy;0.01;AUDUSD.;0.69205;;;2020.06.16 13:27:14;0.69359;;;1.54;
2020.06.15 06:14:12;Sell;0.01;NZDUSD.;0.64025;;;2020.06.15 06:35:46;0.63975;;;0.50;
2020.06.15 00:48:01;Sell;0.01;EURUSD.;1.12585;;;2020.06.15 06:35:45;1.12466;;;1.19;
2020.06.12 17:52:01;Sell;0.01;GBPUSD.;1.25110;;;2020.06.12 18:02:21;1.25035;;;0.75;
2020.06.12 16:34:02;Balance;;;;;;;;;;-50.00;Withdrawal
2020.06.11 02:06:04;Sell;0.01;GBPUSD.;1.27420;;;2020.06.11 04:11:59;1.27296;;;1.24;
2020.06.11 01:20:06;Sell;0.01;NZDUSD.;0.65166;;;2020.06.11 04:11:59;0.65175;;;-0.09;
2020.06.10 07:26:31;Buy;0.01;GBPUSD.;1.27664;;;2020.06.10 08:15:33;1.27715;;;0.51;
2020.06.10 07:42:03;Buy;0.01;AUDUSD.;0.69845;;;2020.06.10 08:15:31;0.69935;;;0.90;
2020.06.09 12:49:04;Buy;0.01;AUDUSD.;0.69565;;;2020.06.09 14:46:11;0.69615;;;0.50;
2020.06.09 02:01:39;Sell;0.01;NZDUSD.;0.65495;;;2020.06.09 14:46:11;0.65105;;;3.90;
2020.06.04 12:46:00;Sell;0.01;AUDUSD.;0.69145;;;2020.06.04 13:33:56;0.69076;;;0.69;
2020.06.04 13:26:00;Sell;0.01;NZDUSD.;0.64216;;;2020.06.04 13:33:14;0.64166;;;0.50;
2020.06.03 09:32:50;Buy;0.01;AUDUSD.;0.69115;;;2020.06.03 15:00:50;0.69125;;;0.10;
2020.06.03 14:37:01;Buy;0.01;NZDUSD.;0.64025;;;2020.06.03 15:00:37;0.64065;;;0.40;
2020.06.02 09:26:15;Buy;0.01;NZDUSD.;0.62825;;;2020.06.02 10:40:12;0.63025;;;2.00;
2020.06.02 10:32:10;Buy;0.01;GBPUSD.;1.25560;;;2020.06.02 10:40:05;1.25650;;;0.90;
2020.06.01 16:56:28;Buy;0.01;AUDUSD.;0.67840;;;2020.06.01 17:09:12;0.67890;;;0.50;
2020.06.01 16:17:08;Buy;0.01;GBPUSD.;1.24630;;;2020.06.01 17:09:05;1.24737;;;1.07;
2020.05.31 23:04:01;Buy;0.01;AUDUSD.;0.66545;;;2020.06.01 01:06:59;0.66700;;;1.55;
2020.05.31 22:23:09;Buy;0.01;NZDUSD.;0.61945;;;2020.06.01 01:06:24;0.61988;;;0.43;
2020.05.29 06:55:29;Buy;0.01;NZDUSD.;0.62105;;;2020.05.29 08:03:42;0.62148;;;0.43;
2020.05.29 07:40:03;Buy;0.01;GBPUSD.;1.23330;;;2020.05.29 08:02:13;1.23471;;;1.41;
2020.05.28 06:18:58;Buy;0.01;AUDUSD.;0.66145;;;2020.05.28 07:07:02;0.66205;;;0.60;
2020.05.28 03:39:06;Buy;0.01;GBPUSD.;1.22620;;;2020.05.28 07:07:00;1.22672;;;0.52;
2020.05.27 02:13:42;Buy;0.01;NZDUSD.;0.61960;;;2020.05.27 09:18:43;0.62055;;;0.95;
2020.05.27 09:03:54;Buy;0.01;EURUSD.;1.09745;;;2020.05.27 09:18:42;1.09805;;;0.60;
2020.05.26 16:48:12;Buy;0.01;NZDUSD.;0.62025;;;2020.05.26 19:30:58;0.62135;;;1.10;
2020.05.26 17:00:09;Buy;0.01;EURUSD.;1.09710;;;2020.05.26 19:30:12;1.09858;;;1.48;
2020.05.25 00:47:02;Buy;0.01;AUDUSD.;0.65444;;;2020.05.25 15:40:46;0.65513;;;0.69;
2020.05.25 15:09:26;Buy;0.01;GBPUSD.;1.21909;;;2020.05.25 15:40:07;1.21959;;;0.50;
2020.05.24 23:57:12;Sell;0.01;GBPUSD.;1.21839;;;2020.05.25 06:54:37;1.21737;;;1.02;
2020.05.22 08:02:05;Buy;0.01;NZDUSD.;0.61045;;;2020.05.22 12:11:06;0.61070;;;0.25;
2020.05.22 05:04:37;Sell;0.01;EURUSD.;1.09291;;;2020.05.22 12:10:35;1.09107;;;1.84;
2020.05.21 09:50:21;Buy;0.01;AUDUSD.;0.65785;;;2020.05.21 12:38:38;0.65845;;;0.60;
2020.05.21 09:51:36;Balance;;;;;;;;;;-50.00;Withdrawal
2020.05.20 07:20:01;Buy;0.01;GBPUSD.;1.22460;;;2020.05.20 10:26:32;1.22498;;;0.38;
2020.05.20 08:30:02;Buy;0.01;EURUSD.;1.09507;;;2020.05.20 10:26:16;1.09559;;;0.52;
2020.05.18 11:53:02;Buy;0.01;GBPUSD.;1.21370;;;2020.05.18 12:15:55;1.21353;;;-0.17;
2020.05.18 12:08:15;Buy;0.01;AUDUSD.;0.64585;;;2020.05.18 12:15:36;0.64650;;;0.65;
2020.05.14 15:14:04;Sell;0.01;AUDUSD.;0.64385;;;2020.05.14 16:35:00;0.64248;;;1.37;
2020.05.14 14:23:16;Sell;0.01;EURUSD.;1.07995;;;2020.05.14 16:34:37;1.07949;;;0.46;
2020.05.13 09:57:11;Buy;0.01;NZDUSD.;0.60125;;;2020.05.13 10:39:49;0.60205;;;0.80;
2020.05.13 08:32:01;Buy;0.01;GBPUSD.;1.22740;;;2020.05.13 10:39:48;1.22909;;;1.69;
2020.05.12 11:45:13;Buy;0.01;EURUSD.;1.08270;;;2020.05.12 11:57:07;1.08348;;;0.78;
2020.05.12 09:15:34;Sell Stop;0.01;AUDUSD.;0.64781;;;2020.05.12 09:50:12;0.64915;;;;cancelled
2020.05.08 16:16:04;Buy;0.01;GBPUSD.;1.24330;;;2020.05.11 01:58:26;1.24205;;;-1.25;
2020.05.10 22:06:03;Balance;;;;;;;;;;50.00;Deposit
2020.05.07 17:46:08;Buy;0.01;AUDUSD.;0.65005;;;2020.05.07 18:41:26;0.65030;;;0.25;
2020.05.07 17:55:02;Buy;0.01;NZDUSD.;0.60765;;;2020.05.07 18:41:21;0.60845;;;0.80;
2020.05.06 07:35:18;Sell;0.01;EURUSD.;1.08285;;;2020.05.06 09:00:27;1.08235;;;0.50;
2020.05.06 07:29:24;Sell;0.01;GBPUSD.;1.24296;;;2020.05.06 09:00:15;1.24282;;;0.14;
2020.05.04 14:11:07;Sell;0.01;AUDUSD.;0.64095;;;2020.05.04 14:22:54;0.64045;;;0.50;
2020.05.04 12:26:05;Sell;0.01;EURUSD.;1.09385;;;2020.05.04 14:22:33;1.09307;;;0.78;
2020.05.01 01:58:28;Sell;0.01;AUDUSD.;0.64827;;;2020.05.01 02:30:40;0.64751;;;0.76;
2020.05.01 01:54:16;Sell;0.01;GBPUSD.;1.25630;;;2020.05.01 02:30:17;1.25585;;;0.45;
2020.04.30 10:19:11;Buy;0.01;EURUSD.;1.08800;;;2020.04.30 12:45:26;1.08851;;;0.51;
2020.04.30 08:49:14;Buy;0.01;NZDUSD.;0.61235;;;2020.04.30 12:44:30;0.61350;;;1.15;
2020.04.27 07:07:06;Buy;0.01;EURUSD.;1.08575;;;2020.04.27 10:34:36;1.08517;;;-0.58;
2020.04.27 09:16:03;Buy;0.01;AUDUSD.;0.64505;;;2020.04.27 10:33:14;0.64622;;;1.17;
2020.04.24 20:35:10;Buy;0.01;EURUSD.;1.08125;;;2020.04.26 22:06:57;1.08155;;;0.30;
2020.04.24 19:56:02;Buy;0.01;NZDUSD.;0.60045;;;2020.04.26 22:06:49;0.60121;;;0.76;
2020.04.23 06:04:29;Sell Stop;0.01;NZDUSD.;0.59761;;;2020.04.24 01:28:36;0.59825;;;;cancelled
2020.04.23 17:46:57;Sell;0.01;AUDUSD.;0.63725;;;2020.04.24 01:25:03;0.63635;;;0.90;
2020.04.22 18:10:00;Sell;0.01;GBPUSD.;1.23180;;;2020.04.22 18:50:26;1.23067;;;1.13;
2020.04.21 15:41:37;Sell Stop;0.01;NZDUSD.;0.59541;;;2020.04.21 16:13:31;0.59585;;;;cancelled
2020.04.21 16:09:00;Balance;;;;;;;;;;-50.00;Withdrawal
2020.04.16 08:36:03;Buy;0.01;AUDUSD.;0.63095;;;2020.04.16 09:35:04;0.63088;;;-0.07;
2020.04.16 08:14:00;Buy;0.01;EURUSD.;1.08755;;;2020.04.16 09:34:17;1.08877;;;1.22;
2020.04.15 17:51:00;Buy;0.01;AUDUSD.;0.63465;;;2020.04.15 19:22:01;0.63484;;;0.19;
2020.04.14 13:57:00;Buy;0.01;AUDUSD.;0.64145;;;2020.04.14 15:17:19;0.64132;;;-0.13;
2020.04.14 13:52:09;Buy;0.01;EURUSD.;1.09685;;;2020.04.14 15:17:10;1.09738;;;0.53;
2020.04.10 20:49:20;Buy;0.01;AUDUSD.;0.63555;;;2020.04.12 23:01:50;0.63575;;;0.20;
2020.04.10 18:34:56;Buy;0.01;NZDUSD.;0.60670;;;2020.04.12 23:01:32;0.60870;;;2.00;
2020.04.09 06:56:22;Buy;0.01;NZDUSD.;0.60025;;;2020.04.09 08:02:08;0.60064;;;0.39;
2020.04.09 03:05:25;Buy;0.01;EURUSD.;1.08585;;;2020.04.09 08:02:06;1.08640;;;0.55;
2020.04.08 13:30:03;Buy;0.01;GBPUSD.;1.23660;;;2020.04.08 13:44:37;1.23680;;;0.20;
2020.04.08 12:42:01;Buy;0.01;AUDUSD.;0.61795;;;2020.04.08 13:44:36;0.61870;;;0.75;
2020.04.07 01:06:00;Buy;0.01;AUDUSD.;0.61255;;;2020.04.07 02:49:55;0.61205;;;-0.50;
2020.04.06 18:32:01;Buy;0.01;EURUSD.;1.07935;;;2020.04.07 02:48:20;1.08061;;;1.26;
2020.04.06 14:05:27;Buy;0.01;NZDUSD.;0.59435;;;2020.04.06 14:52:21;0.59425;;;-0.10;
2020.04.06 14:28:09;Buy;0.01;AUDUSD.;0.60795;;;2020.04.06 14:51:25;0.60848;;;0.53;
2020.04.03 02:06:16;Sell;0.01;NZDUSD.;0.58965;;;2020.04.03 08:09:54;0.58968;;;-0.03;
2020.04.03 08:04:00;Sell;0.01;EURUSD.;1.08295;;;2020.04.03 08:09:14;1.08245;;;0.50;
2020.04.02 19:53:14;Sell;0.01;AUDUSD.;0.60445;;;2020.04.03 01:48:55;0.60518;;;-0.73;
2020.04.02 20:00:02;Sell;0.01;NZDUSD.;0.59075;;;2020.04.03 01:48:34;0.58971;;;1.04;
2020.04.02 09:14:16;Buy;0.01;GBPUSD.;1.23920;;;2020.04.02 09:39:15;1.24088;;;1.68;
2020.04.01 23:40:14;Buy;0.01;NZDUSD.;0.59205;;;2020.04.02 00:55:53;0.59296;;;0.91;
2020.03.19 12:01:19;Sell;0.01;EURUSD.;1.07858;;;2020.03.19 12:54:51;1.07549;;;3.09;
2020.03.18 15:26:43;Sell;0.01;EURUSD.;1.08965;;;2020.03.18 15:50:21;1.08877;;;0.88;
2020.03.18 15:10:46;Sell;0.01;EURUSD.;1.09118;;;2020.03.18 15:50:20;1.08877;;;2.41;
2020.03.17 22:53:04;Sell;0.01;EURUSD.;1.10047;;;2020.03.18 08:53:14;1.09851;;;1.96;
2020.03.12 13:40:57;Sell;0.01;EURGBP.;0.88574;;;2020.03.12 15:10:55;0.88480;;;1.19;
2020.03.11 16:09:42;Buy;0.01;EURGBP.;0.87435;;;2020.03.11 17:30:12;0.87569;;;1.72;
2020.03.09 17:18:25;Buy;0.01;EURUSD.;1.14444;;;2020.03.09 19:02:47;1.14682;;;2.38;
2020.03.03 13:53:39;Buy;0.01;EURGBP.;0.87001;;;2020.03.03 17:10:53;0.87042;;;0.52;
2020.03.03 15:35:38;Buy;0.01;EURUSD.;1.11232;;;2020.03.03 17:10:49;1.11732;;;5.00;
2020.03.02 12:52:31;Buy;0.01;EURUSD.;1.11110;;;2020.03.02 13:02:20;1.11177;;;0.67;
2020.02.28 15:28:55;Sell;0.01;EURUSD.;1.09732;;;2020.02.28 15:36:13;1.09667;;;0.65;
2020.02.27 11:50:09;Buy;0.01;EURUSD.;1.09435;;;2020.02.27 19:06:39;1.09828;;;3.93;
2020.02.25 13:46:34;Sell;0.01;EURGBP.;0.83602;;;2020.02.25 15:24:30;0.83557;;;0.58;
2020.02.24 17:51:59;Buy;0.01;EURUSD.;1.08541;;;2020.02.24 18:06:33;1.08589;;;0.48;
2020.02.21 11:06:48;Sell;0.01;EURGBP.;0.83648;;;2020.02.21 13:12:56;0.83513;;;1.75;
2020.02.20 10:21:18;Sell;0.01;EURUSD.;1.08000;;;2020.02.20 11:51:29;1.07957;;;0.43;
2020.02.20 10:54:14;Buy;0.01;EURGBP.;0.83692;;;2020.02.20 11:51:27;0.83796;;;1.33;
2020.02.19 14:57:00;Sell;0.01;EURGBP.;0.83176;;;2020.02.19 15:02:14;0.83162;;;0.18;
2020.02.19 13:15:11;Sell;0.01;EURUSD.;1.07957;;;2020.02.19 15:02:11;1.07909;;;0.48;
2020.02.18 09:39:16;Buy;0.01;EURUSD.;1.08264;;;2020.02.18 11:52:15;1.08317;;;0.53;
2020.02.18 11:16:49;Sell;0.01;EURGBP.;0.83240;;;2020.02.18 11:52:09;0.83131;;;1.42;
2020.02.13 16:42:05;Buy;0.01;EURGBP.;0.82971;;;2020.02.13 17:37:50;0.83079;;;1.41;
2020.02.13 16:42:02;Buy;0.01;EURUSD.;1.08426;;;2020.02.13 17:37:49;1.08511;;;0.85;
2020.02.11 12:19:53;Sell;0.01;EURUSD.;1.09161;;;2020.02.11 14:26:25;1.09012;;;1.49;
2020.02.10 14:31:03;Sell;0.01;EURGBP.;0.84621;;;2020.02.10 17:02:01;0.84534;;;1.12;
2020.02.05 01:01:43;Sell;0.01;EURUSD.;1.10417;;;2020.02.05 06:37:03;1.10381;;;0.36;
2020.02.04 19:29:52;Buy;0.01;EURUSD.;1.10424;;;2020.02.04 22:10:25;1.10447;;;0.23;
2020.02.03 15:10:51;Sell;0.01;GBPUSD.;1.30386;;;2020.02.03 15:57:32;1.30278;;;1.08;
2020.01.31 17:01:22;Buy;0.01;EURAUD.;1.65608;;;2020.02.02 23:31:32;1.65743;;;0.91;
2020.01.27 11:02:08;Buy;0.01;EURUSD.;1.10221;;;2020.01.27 14:32:35;1.10262;;;0.41;
2020.01.27 12:56:25;Buy;0.01;EURGBP.;0.84253;;;2020.01.27 14:32:29;0.84369;;;1.51;
2020.01.23 10:01:06;Sell;0.01;EURGBP.;0.84425;;;2020.01.23 18:10:18;0.84263;;;2.12;
2020.01.23 09:57:34;Balance;;;;;;;;;;-50.00;Withdrawal
2020.01.22 02:15:28;Sell;0.01;EURNZD.;1.68226;;;2020.01.22 13:37:55;1.67799;;;2.82;
2020.01.22 07:51:37;Sell;0.01;EURGBP.;0.84830;;;2020.01.22 13:37:54;0.84533;;;3.90;
2020.01.21 13:47:44;Sell;0.01;EURNZD.;1.68227;;;2020.01.21 19:18:42;1.68038;;;1.25;
2020.01.17 16:43:30;Sell;0.01;EURUSD.;1.10871;;;2020.01.20 10:06:25;1.10853;;;0.18;
2020.01.16 14:39:43;Sell;0.01;EURUSD.;1.11553;;;2020.01.16 18:09:18;1.11334;;;2.19;
2020.01.16 14:39:41;Sell;0.01;EURGBP.;0.85423;;;2020.01.16 18:09:12;0.85124;;;3.91;
2020.01.15 15:33:17;Sell;0.01;EURUSD.;1.11617;;;2020.01.15 16:21:11;1.11528;;;0.89;
2020.01.13 00:02:41;Sell;0.01;EURUSD.;1.11152;;;2020.01.14 14:16:02;1.11137;;;0.15;
2020.01.14 08:41:55;Sell;0.01;EURUSD.;1.11400;;;2020.01.14 12:25:20;1.11312;;;0.88;
2020.01.14 08:41:52;Sell;0.01;EURGBP.;0.85884;;;2020.01.14 12:25:19;0.85699;;;2.40;
2020.01.10 02:46:53;Sell;0.01;EURUSD.;1.11030;;;2020.01.10 09:48:52;1.10987;;;0.43;
2020.01.09 13:19:35;Sell;0.01;EURUSD.;1.11110;;;2020.01.09 17:32:40;1.11007;;;1.03;
2020.01.09 11:59:21;Sell;0.01;EURGBP.;0.85176;;;2020.01.09 17:32:35;0.85016;;;2.08;
2020.01.08 13:09:02;Buy;0.01;EURUSD.;1.11266;;;2020.01.08 13:13:47;1.11277;;;0.11;
2020.01.08 13:08:57;Buy;0.01;EURGBP.;0.84830;;;2020.01.08 13:13:46;0.84874;;;0.57;
2020.01.07 13:37:42;Sell;0.01;EURGBP.;0.85181;;;2020.01.07 14:38:56;0.85153;;;0.36;
2020.01.07 13:37:40;Sell;0.01;EURUSD.;1.11785;;;2020.01.07 14:38:55;1.11689;;;0.96;
2020.01.06 20:40:07;Buy;0.01;EURUSD.;1.11888;;;2020.01.06 21:53:34;1.11928;;;0.40;
2019.12.06 16:43:26;Buy;0.01;EURUSD.;1.10500;;;2019.12.06 19:16:03;1.10528;;;0.28;
2019.11.29 14:02:29;Buy;0.01;USDCHF.;1.00100;;;2019.11.29 14:59:31;1.00175;;;0.75;
2019.11.22 16:21:48;Sell;0.01;EURUSD.;1.10427;;;2019.11.22 17:43:54;1.10313;;;1.14;
2019.10.29 11:20:03;Buy;0.01;EURUSD.;1.10827;;;2019.10.29 11:59:25;1.10908;;;0.81;
2019.10.29 11:21:53;Sell;0.01;EURGBP.;0.86455;;;2019.10.29 11:59:12;0.86207;;;3.19;
2019.10.28 11:58:43;Sell;0.01;EURUSD.;1.10936;;;2019.10.28 14:13:20;1.10873;;;0.63;
2019.10.25 16:44:37;Sell;0.01;EURUSD.;1.10847;;;2019.10.25 18:43:05;1.10797;;;0.50;
2019.10.22 11:38:24;Sell;0.01;EURUSD.;1.11497;;;2019.10.22 14:52:51;1.11372;;;1.25;
2019.10.21 17:07:10;Buy;0.01;EURUSD.;1.11556;;;2019.10.21 17:16:17;1.11581;;;0.25;
2019.10.16 15:29:53;Buy;0.01;EURUSD.;1.10497;;;2019.10.16 18:45:48;1.10662;;;1.65;
2019.10.15 07:38:38;Buy;0.01;EURGBP.;0.87150;;;2019.10.15 10:19:59;0.87380;;;2.90;
2019.10.11 11:29:47;Buy;0.01;EURGBP.;0.87904;;;2019.10.14 13:28:29;0.88000;;;1.20;
2019.10.14 11:27:17;Buy;0.01;EURGBP.;0.87838;;;2019.10.14 13:03:16;0.87965;;;1.59;
2019.10.11 10:06:26;Sell Stop;0.01;EURUSD.;1.10163;;;2019.10.11 10:09:59;1.10239;;;;cancelled
2019.10.10 21:45:32;Sell;0.01;EURGBP.;0.88467;;;2019.10.11 07:10:42;0.88396;;;0.89;
2019.10.08 13:44:53;Sell;0.01;EURUSD.;1.09896;;;2019.10.09 08:10:31;1.09691;;;2.05;
2019.10.03 03:50:26;Buy;0.01;EURUSD.;1.09587;;;2019.10.03 09:50:38;1.09644;;;0.57;
2019.10.02 19:55:18;Buy;0.01;EURUSD.;1.09590;;;2019.10.02 21:02:57;1.09602;;;0.12;
2019.09.30 13:13:54;Buy;0.01;USDCHF.;0.99585;;;2019.09.30 14:06:07;0.99697;;;1.12;
2019.09.26 13:42:59;Buy;0.01;EURUSD.;1.09483;;;2019.09.26 14:22:28;1.09554;;;0.71;
2019.09.24 11:18:41;Sell;0.01;EURGBP.;0.88354;;;2019.09.24 12:40:34;0.88155;;;2.49;
2019.09.23 14:03:45;Sell;0.01;EURGBP.;0.88477;;;2019.09.23 14:26:00;0.88418;;;0.73;
2019.09.20 20:55:10;Sell;0.01;EURGBP.;0.88342;;;2019.09.23 12:21:14;0.88208;;;1.67;
2019.09.18 21:15:37;Sell;0.01;EURGBP.;0.88332;;;2019.09.19 18:18:38;0.88170;;;2.03;
2019.09.17 06:55:51;Buy;0.01;EURUSD.;1.10102;;;2019.09.17 06:58:35;1.10114;;;0.12;
2019.09.13 06:57:58;Sell;0.01;EURUSD.;1.10707;;;2019.09.13 14:48:54;1.10694;;;0.13;
2019.09.12 15:46:03;Sell;0.01;EURUSD.;1.10546;;;2019.09.12 16:24:06;1.10428;;;1.18;
2019.09.05 15:17:47;Sell;0.01;EURUSD.;1.10616;;;2019.09.05 15:26:23;1.10589;;;0.27;
2019.09.04 15:05:13;Buy;0.01;EURUSD.;1.10140;;;2019.09.04 15:32:29;1.10224;;;0.84;
2019.09.03 01:42:35;Buy;0.01;EURUSD.;1.09559;;;2019.09.03 15:27:29;1.09645;;;0.86;
2019.08.30 12:26:32;Buy;0.01;EURUSD.;1.10393;;;2019.08.30 14:13:58;1.10411;;;0.18;
2019.08.28 10:16:46;Sell;0.01;EURUSD.;1.10895;;;2019.08.28 12:55:50;1.10870;;;0.25;
2019.07.31 14:22:40;Sell;0.01;EURGBP.;0.91383;;;2019.07.31 15:43:08;0.91086;;;3.63;
2019.07.31 14:12:43;Sell;0.01;EURUSD.;1.11488;;;2019.07.31 15:43:07;1.11343;;;1.45;
2019.07.30 12:41:11;Buy;0.01;EURGBP.;0.91614;;;2019.07.30 13:11:26;0.91656;;;0.51;
2019.07.30 12:44:13;Buy;0.01;EURUSD.;1.11461;;;2019.07.30 13:11:21;1.11547;;;0.86;
2019.07.29 11:37:00;Buy;0.01;EURGBP.;0.90297;;;2019.07.29 12:08:25;0.90330;;;0.40;
2019.07.29 11:28:38;Sell;0.01;EURUSD.;1.11241;;;2019.07.29 12:08:24;1.11197;;;0.44;
2019.07.25 21:18:49;Sell;0.01;EURUSD.;1.11453;;;2019.07.26 10:19:44;1.11405;;;0.48;
2019.07.24 17:15:40;Sell;0.01;EURUSD.;1.11430;;;2019.07.25 11:02:29;1.11310;;;1.20;
2019.07.22 11:31:33;Sell;0.01;EURUSD.;1.12227;;;2019.07.22 12:29:59;1.12144;;;0.83;
2019.07.19 20:18:13;Sell;0.01;EURUSD.;1.12183;;;2019.07.22 02:23:59;1.12132;;;0.51;
2019.07.18 15:21:24;Sell;0.01;EURUSD.;1.12174;;;2019.07.19 19:26:35;1.12113;;;0.61;
2019.07.17 17:15:56;Sell;0.01;EURUSD.;1.12285;;;2019.07.17 18:42:55;1.12258;;;0.27;
2019.07.16 09:21:19;Sell;0.01;EURUSD.;1.12377;;;2019.07.16 15:58:34;1.12235;;;1.42;
2019.07.09 02:23:28;Sell;0.01;EURUSD.;1.12119;;;2019.07.09 07:23:56;1.12098;;;0.21;
2019.06.25 14:15:48;Sell;0.01;EURUSD.;1.13941;;;2019.06.25 15:32:48;1.13862;;;0.79;
2019.06.24 13:21:04;Sell;0.01;EURUSD.;1.13955;;;2019.06.24 13:55:05;1.13871;;;0.84;
2019.06.21 14:45:06;Buy;0.01;EURUSD.;1.13282;;;2019.06.21 17:20:38;1.13338;;;0.56;
2019.06.20 07:11:50;Buy;0.01;EURUSD.;1.12821;;;2019.06.20 09:33:07;1.12905;;;0.84;
2019.06.14 16:17:25;Buy;0.01;USDCHF.;0.99859;;;2019.06.17 15:59:52;0.99986;;;1.27;
2019.06.10 10:33:11;Buy;0.01;EURUSD.;1.13044;;;2019.06.10 14:40:52;1.13113;;;0.69;
2019.06.07 13:30:00;Buy;0.01;EURUSD.;1.12879;;;2019.06.09 23:56:42;1.13172;;;2.93;
2019.06.06 19:00:27;Sell;0.01;EURUSD.;1.12875;;;2019.06.06 19:35:26;1.12713;;;1.62;
2019.06.03 15:52:53;Sell Stop;0.01;EURUSD.;1.12101;;;2019.06.05 19:20:20;1.12321;;;;cancelled
2019.06.03 18:26:19;Buy;0.01;EURJPY.;121.585;;;2019.06.04 16:25:08;121.748;;;1.51;
2019.05.30 01:14:08;Buy;0.01;EURUSD.;1.11420;;;2019.05.31 09:32:54;1.11474;;;0.54;
2019.05.29 15:14:33;Balance;;;;;;;;;;50.00;Deposit
